<?xml version="1.0" encoding="UTF-8"?>
<project-private xmlns="http://www.netbeans.org/ns/project-private/1">
    <editor-bookmarks xmlns="http://www.netbeans.org/ns/editor-bookmarks/2" lastBookmarkId="0"/>
    <open-files xmlns="http://www.netbeans.org/ns/projectui-open-files/2">
        <group>
            <file>file:/W:/Hamza/SMIU/2nd%20semester/object%20oriented%20programing/java%20final%20project/Quiz%20Application/src/deleteQuestion.java</file>
            <file>file:/W:/Hamza/SMIU/2nd%20semester/object%20oriented%20programing/java%20final%20project/Quiz%20Application/src/studentDetails.java</file>
            <file>file:/W:/Hamza/SMIU/2nd%20semester/object%20oriented%20programing/java%20final%20project/Quiz%20Application/src/updateQuestion.java</file>
            <file>file:/W:/Hamza/SMIU/2nd%20semester/object%20oriented%20programing/java%20final%20project/Quiz%20Application/src/allQuestion.java</file>
            <file>file:/W:/Hamza/SMIU/2nd%20semester/object%20oriented%20programing/java%20final%20project/Quiz%20Application/src/adminHome.java</file>
            <file>file:/W:/Hamza/SMIU/2nd%20semester/object%20oriented%20programing/java%20final%20project/Quiz%20Application/src/instructionStudent.java</file>
            <file>file:/W:/Hamza/SMIU/2nd%20semester/object%20oriented%20programing/java%20final%20project/Quiz%20Application/src/Index.java</file>
            <file>file:/W:/Hamza/SMIU/2nd%20semester/object%20oriented%20programing/java%20final%20project/Quiz%20Application/src/addNewQuestion.java</file>
            <file>file:/W:/Hamza/SMIU/2nd%20semester/object%20oriented%20programing/java%20final%20project/Quiz%20Application/src/quiz/application/QuizApplication.java</file>
            <file>file:/W:/Hamza/SMIU/2nd%20semester/object%20oriented%20programing/java%20final%20project/Quiz%20Application/src/allStudentResult.java</file>
            <file>file:/W:/Hamza/SMIU/2nd%20semester/object%20oriented%20programing/java%20final%20project/Quiz%20Application/src/LoginAdmin.java</file>
            <file>file:/W:/Hamza/SMIU/2nd%20semester/object%20oriented%20programing/java%20final%20project/Quiz%20Application/src/quizExamStudent.java</file>
            <file>file:/W:/Hamza/SMIU/2nd%20semester/object%20oriented%20programing/java%20final%20project/Quiz%20Application/src/successfullySubmitted.java</file>
        </group>
    </open-files>
</project-private>
